{"cameraMode":{"drawMode":0,"name":"Shaded","section":"Shading Mode"},"sceneLighting":false,"audioPlay":false,"sceneViewState":{"showFog":true,"showMaterialUpdate":false,"showSkybox":false,"showFlares":true,"showImageEffects":true,"showParticleSystems":true},"in2DMode":false,"pivot":{"x":-0.03470051661133766,"y":0.02133028209209442,"z":0.023389309644699098},"rotation":{"x":0.027268920093774797,"y":-0.05214804410934448,"z":0.0014277431182563305,"w":0.9982736706733704},"size":0.5452040433883667,"orthographic":false}