{"cameraMode":{"drawMode":0,"name":"Shaded","section":"Shading Mode"},"sceneLighting":false,"audioPlay":false,"sceneViewState":{"showFog":true,"showMaterialUpdate":false,"showSkybox":false,"showFlares":true,"showImageEffects":true,"showParticleSystems":true},"in2DMode":false,"pivot":{"x":-0.3708125352859497,"y":0.5311391949653626,"z":-3.9704298973083498},"rotation":{"x":0.008688785135746003,"y":0.018596407026052476,"z":0.00015981169417500496,"w":-0.9997907876968384},"size":5.457542896270752,"orthographic":false}