{"cameraMode":{"drawMode":0,"name":"Shaded","section":"Shading Mode"},"sceneLighting":false,"audioPlay":false,"sceneViewState":{"showFog":true,"showMaterialUpdate":false,"showSkybox":false,"showFlares":true,"showImageEffects":true,"showParticleSystems":true},"in2DMode":false,"pivot":{"x":-168.54751586914063,"y":124.98948669433594,"z":-79.131591796875},"rotation":{"x":0.00030888308538123965,"y":-0.05997003614902496,"z":0.000019250241166446358,"w":0.9982098937034607},"size":612.0700073242188,"orthographic":false}